nombre,aliases,club,posicion,nacionalidad,instagram,notable,fecha_nacimiento
Adams Hamadu,A. Hamadu,FK Jedinstvo Ub,Extremo Izquierdo,Ghana,,,2007-02-18
Adhavan Rajamohan,A. Rajamohan,FC Järfälla,Mediocampista Ofensivo,Sri Lanka,,,1993-02-21
Adrián Sánchez,A. Sánchez|Adrian Sanchez,Belgrano,Mediocampista,Argentina,,,1999-05-14
Afonso Patrão,A. Patrao|Afonso Patrao,KVC Westerlo,Delantero,Portugal,,,2007-02-03
Agustín Lastra,A. Lastra|Agustin Lastra,AA Estudiantes Río Cuarto,Arquero,Argentina,,,2001-01-02
Agustín Osinaga,,,Defender - Centre-Back,Argentina,,no,1998-06-11
Ahmed Ahmedov,A. Ahmedov,Shimizu S-Pulse,Delantero,Bulgaria,,,1995-03-04
Alan Pérez,A. Pérez|Alan Perez,CA Defensores de Belgrano,Defensor Central,Argentina,,,1991-04-20
Alber Castelau,,,Goalkeeper,Spain,,no,2009-01-13
Albin Ahlstrand,A. Ahlstrand,Hässleholms IF,Mediocampista,Suecia,,,2004-03-10
Alejandro Jay,A. Jay,CE Europa,Lateral Derecho,España,,,2002-07-07
Aleksandar Trajkovski,A. Trajkovski,NK Lokomotiva Zagreb,Extremo Izquierdo,Macedonia del Norte,,,1992-09-05
Alexander Isak,A. Isak|Alex Isak,Liverpool,Delantero,Suecia,alex_isak,,1999-09-21
Alexis Castro,A. Castro,Estudiantes,Mediocampista,Argentina,,,1994-10-18
Alexis González,,,Defender - Left-Back,Argentina,,no,2005-01-04
Amar Fatah,A. Fatah,Dundee United,Extremo Izquierdo,Suecia,,,2004-02-19
Amar Milisic,,,Defender - Centre-Back,Belgium,,no,2007-01-30
André Lacximicant,A. Lacximicant,GD Estoril Praia,Extremo Izquierdo,Portugal,,,2001-05-19
Andrés Borge,A. Borge|Andres Borge,SD Tarazona,Lateral Derecho,España,,,2001-10-23
Andrés D'Alessandro,Andres D'Alessandro|D'Alessandro,Retirado,Mediocampista Ofensivo,Argentina,,Leyenda del fútbol argentino y brasileño,1981-04-15
Angel Lyaskov,A. Lyaskov,Lokomotiv Sofia,Lateral Izquierdo,Bulgaria,,,1998-03-16
Anton Smirnoff,,,Defender,Sweden,,no,2008-02-28
Axel Encinas,A. Encinas,Unión La Calera,Mediocampista Ofensivo,Argentina,,,2004-05-24
Borislav Rupanov,B. Rupanov,Górnik Zabrze,Delantero,Bulgaria,,,2004-11-30
Bruno Pinheiro,,,,,,no,
Bryan Bugarín,,,Midfield - Attacking Midfield,Spain,,no,2009-03-17
Chung Nguyen Do,C. Nguyen Do,Ninh Binh FC,Mediocampista,Vietnam,,,2005-05-23
CJ dos Santos,C.J. dos Santos|CJ Dos Santos,San Diego FC,Arquero,Cabo Verde,,,2000-08-24
Clau Mendes,C. Mendes,Casa Pia AC,Delantero,Guinea-Bissau,,,2000-12-08
Cristian Chávez,,,Midfield - Attacking Midfield,Argentina,,no,1986-06-16
Cristian Oyola,,,Defender - Left-Back,Argentina,,no,2000-05-07
Damián Rodríguez,D. Rodríguez|Damian Rodriguez,Racing Santander,Mediocampista Defensivo,España,,,2003-03-17
Daniel Meza,,,Defender - Centre-Back,Argentina,,no,2001-05-06
David González,D. González|David Gonzalez,Burgos CF,Mediocampista,España,,,2002-06-22
David Sáez,,,Midfield - Central Midfield,Spain,,no,2007-03-20
David Zec,D. Zec,Holstein Kiel,Defensor Central,Eslovenia,,,2000-01-05
Demian Troya,,,Midfield - Defensive Midfield,Argentina,,no,2005-03-22
Denis Cruz,,,Attack - Right Winger,Spain,,no,2007-01-01
Denis Ljuca,,,Defender - Centre-Back,Germany,,no,
Diego Rodrigues,D. Rodrigues,SC Braga,Mediocampista,Portugal,,,2005-05-24
Diego Sosa,D. Sosa,Instituto ACC,Lateral Izquierdo,Argentina,,,1997-07-28
Dimitrije Acimovic,D. Acimovic,FK Jedinstvo Ub,Defensor Central,Serbia,,,2004-08-01
Dálcio,Dalcio,APOEL Nicosia,Mediocampista,Guinea-Bissau,,,1996-05-22
Edu Marinho,,,Midfield - Attacking Midfield,Portugal,,no,1999-06-11
Elias Achouri,E. Achouri,FC Copenhagen,Extremo Izquierdo,Túnez,,,1999-02-10
Emiliano Buendía,E. Buendía|Buendia|E. Buendia,Aston Villa,Mediocampista Ofensivo,Argentina,em10buendia,,1996-12-25
Emiliano Martínez,E. Martínez|Dibu|Emiliano Martinez|E. Martinez,Aston Villa,Arquero,Argentina,emi_martinez26,Campeón del Mundo con Argentina en Qatar 2022,1992-09-02
Emmanuel Gigliotti,,,Attack - Centre-Forward,Argentina,,no,1987-05-20
Enock Okain,E. Okain,FK Jedinstvo Ub,Extremo Izquierdo,Ghana,,,2007-07-01
Erik Bugarín,,,Attack - Centre-Forward,Spain,,no,2003-05-28
Ezequiel Centurión,E. Centurión|Ezequiel Centurion|E. Centurion,River Plate,Arquero,Argentina,,,1997-05-20
Ezequiel Rodríguez,,,Defender - Centre-Back,Argentina,,no,1990-10-26
Fabricio Amato,F. Amato,Zalaegerszegi TE,Mediocampista Defensivo,Argentina,,,2004-06-04
Facundo Sava,,,,,,no,
Federico Bravo,F. Bravo,CA Patronato,Mediocampista,Argentina,,,1993-10-05
Federico Fernández,,,Defender - Centre-Back,Argentina,,no,1989-02-21
Felipe Zenobio,F. Zenobio,Tigre,Arquero,Argentina,,,2000-05-22
Ferran Sarsanedas,,,Midfield - Central Midfield,Spain,,no,1997-02-11
Franco Di Santo,,,Attack - Centre-Forward,Argentina,,no,1989-04-07
Franco Pardo,F. Pardo,,Defensor Central,Argentina,,,1997-04-05
Gastón González,G. González|Gaston Gonzalez,Sarmiento,Extremo Izquierdo,Argentina,,,2001-06-27
Gelson Martins,G. Martins,Olympiacos,Extremo Derecho,Portugal,,,1995-05-11
Georgi Minchev,G. Minchev,Lokomotiv Sofia,Delantero,Bulgaria,,,1995-04-20
Gervasio Núñez,,,Midfield - Left Midfield,Argentina,,no,1988-01-29
Gui Guedes,G. Guedes,,Mediocampista,Portugal,,,2002-04-17
Guido Vadalá,G. Vadala|Guido Vadala,Coquimbo Unido,Mediocampista Ofensivo,Argentina,,,1997-02-08
Hector Hevel,,,Midfield - Central Midfield,Netherlands,,no,1996-05-15
Henrique Arreiol,H. Arreiol,Legia Warszawa,Mediocampista Defensivo,Portugal,,,2005-06-21
Hernâni,Hernani,Sin club,Extremo Derecho,Portugal,,,2001-04-03
Hudson Davis,,,Defender - Centre-Back,Spain,,no,2005-11-20
Ibrahim Zubairu,I. Zubairu,Corum FK,Extremo Izquierdo,Ghana,,,2004-06-02
Ignacio Arce,I. Arce|Nacho Arce,Club Deportivo Riestra,Arquero,Argentina,,,1992-02-08
Iker Venteo,I. Venteo,Sporting Atlético,Arquero,España,,,2003-04-24
Ilija Nestorovski,I. Nestorovski,Slaven Belupo,Delantero,Macedonia del Norte,,,1990-03-12
Ilija Vukotić,I. Vukotic|Ilija Vukotic,OFI Crete,Mediocampista,Montenegro,,,1999-01-07
Irsan Muric,,,Attack - Centre-Forward,Belgium,,no,2005-04-12
Itzel Colocho,,,Defender - Centre-Back,El Salvador,,no,2007-03-14
Ivo Pohmajevic,,,Attack - Left Winger,Argentina,,no,2003-01-07
Ivo Rodrigues,I. Rodrigues,Motor Lublin,Mediocampista Ofensivo,Portugal,,,1995-03-30
Joaquín Arzura,,,Midfield - Central Midfield,Argentina,,no,1993-05-18
Joel Godoy,J. Godoy,Sarmiento,Lateral Izquierdo,Argentina,,,2005-02-20
Jordi Mboula,J. Mboula,Henan FC,Extremo Derecho,España,,,1999-03-16
Josele Martínez,Josele Martinez|J. Martínez,SD Tarazona,Arquero,España,,,1998-01-13
Josip Posavec,J. Posavec,NK Lokomotiva Zagreb,Arquero,Croacia,,,1996-03-10
Josman Figueroa,J. Figueroa,CD Olimpia,Lateral Izquierdo,Honduras,,,2001-04-20
José Antonio Martínez,,,Defender - Centre-Back,Spain,,no,1993-02-12
José Sampaio,J. Sampaio,FC Vizela,Defensor Central,Portugal,,,2005-01-04
José San Román,Jose San Roman|J. San Román,Retirado,Lateral Derecho,Argentina,,,1988-08-17
João Batxi,J. Batxi|Joao Batxi,FC Krasnodar,Extremo Derecho,Angola,,,1998-05-01
João Carlos Teixeira,J. C. Teixeira|Joao Carlos Teixeira|J. Teixeira,Shanghai Shenhua,Mediocampista Ofensivo,Portugal,,,1993-01-18
João Henriques,,,,,,no,
João Queirós,J. Queiros|Joao Queiros,FC Ararat-Armenia,Defensor Central,Portugal,,,1998-04-22
Juan Manuel Cabrera,J. M. Cabrera|Juan Cabrera,Sarmiento,Lateral Derecho,Argentina,,,2000-03-10
Juan Pablo Rodríguez,,,Defender - Centre-Back,Argentina,,no,2003-01-18
Juan Sayago,,,Midfield - Attacking Midfield,Argentina,,no,2007-08-02
Julián Cuesta,J. Cuesta|Julian Cuesta,Antalyaspor,Arquero,España,,,1991-03-28
Kevin Sibille,K. Sibille,East Bengal FC,Defensor Central,Argentina,,,1998-09-15
Kiril Despodov,K. Despodov,PAOK Thessaloniki,Extremo Derecho,Bulgaria,,,1996-11-11
Konstantin Nikitenko,,,Attack - Right Winger,Portugal,,no,2006-04-11
Leandro Sanca,L. Sanca,Piast Gliwice,Extremo Derecho,Guinea-Bissau,,,2000-01-04
Leo Mendes,L. Mendes,Salamanca CF UDS,Arquero,Guinea-Bissau,,,2000-12-08
Lionnel Negou,,,Attack - Right Winger,Cameroon,,no,1998-01-31
Lisandro López,L. López|Lisandro Lopez|L. Lopez,Belgrano,Defensor Central,Argentina,,,1989-03-02
Lucas Alves,,,Defender - Centre-Back,Brazil,,no,
Lucas Boyé,L. Boyé|L. Boye|Boye|Lucas Boye,Deportivo Alavés,Delantero,Argentina,lucasboye31,,1996-02-28
Lucas Esquivel,L. Esquivel,Athletico Paranaense,Lateral Izquierdo,Argentina,,,2001-10-14
Lucas Martínez Quarta,L. Martínez Quarta|Martinez Quarta|L. Martinez Quarta|Chino,River Plate,Defensor Central,Argentina,chinomartinezquarta96,,1996-10-05
Lucas Pratto,L. Pratto,Coquimbo Unido,Delantero,Argentina,,,1988-06-04
Lucas Pusineri,,,,,,no,
Lucas Rodríguez,L. Rodríguez|Lucas Rodriguez,CA Aldosivi,Lateral Izquierdo,Argentina,,,1993-09-27
Luciano Ferreyra,L. Ferreyra,San Martín Tucumán,Extremo Izquierdo,Argentina,,,2002-02-19
Luciano Gondou,L. Gondou,CSKA Moscow,Delantero,Argentina,,,2001-06-22
Luis Asué,L. Asue|Luis Asue,CD Leganés,Delantero,Guinea Ecuatorial,,,2001-07-09
Luis Ojeda,,,Goalkeeper,Argentina,,no,1990-03-21
Luka Modric,L. Modric|L. Modrić|Modrić|Luka Modrić,Milan,Mediocampista,Croacia,lukamodric10,Balón de Oro 2018. Leyenda del fútbol mundial,1985-09-09
Manuel Mónaco,M. Monaco|Manuel Monaco,Sarmiento,Mediocampista Ofensivo,Argentina,,,2002-05-11
Marc Navarro,M. Navarro,Arka Gdynia,Mediocampista,España,,,1995-07-02
Marin Petkov,M. Petkov,Al-Taawoun,Extremo Derecho,Bulgaria,,,2003-10-02
Marko Mitrovic,M. Mitrovic,FK Jedinstvo Ub,Mediocampista Ofensivo,Serbia,,,2004-06-28
Martín Palermo,,,,,,no,
Martín Perelman,,,,,,no,
Mateo Scheffer Bracco,M. Scheffer|M. Scheffer Bracco,CPR Ospitaletto,Lateral Derecho,Argentina,,,2004-10-07
Mato Jajalo,M. Jajalo,,Mediocampista Defensivo,Croacia,,,1988-05-25
Mauricio Cardillo,M. Cardillo,San Lorenzo,Mediocampista,Argentina,,,2003-03-11
Maximiliano Herrera,,,Attack - Centre-Forward,Argentina,,no,1993-01-08
Maximiliano Oliva,,,Defender - Left-Back,Argentina,,no,1990-03-16
Miguel Cifuentes,M. Cifuentes,Sabah FC,Mediocampista,España,,,1990-10-05
Mile Svilar,M. Svilar,AS Roma,Arquero,Serbia,,,1999-08-27
Miodrag Pivaš,M. Pivas|Miodrag Pivas,Newcastle United U21,Defensor Central,Serbia,,,2005-05-17
Nacho Olivera,N. Olivera,CD Castellón B,Defensor Central,España,,,2006-03-02
Nahuel Curcio,N. Curcio,Vinotinto FC,Extremo Derecho,Argentina,,,2003-07-23
Nahuel Tenaglia,N. Tenaglia,Deportivo Alavés,Lateral Derecho,Argentina,,,1996-02-21
Nemanja Matić,N. Matic|Nemanja Matic,US Sassuolo,Mediocampista Defensivo,Serbia,,Leyenda del Manchester United y Chelsea,1988-08-01
Nicolás Avellaneda,N. Avellaneda|Nicolas Avellaneda,Unión La Calera,Arquero,Argentina,,,1993-02-24
Nicolás Castro,N. Castro|Nicolas Castro,San Martín Tucumán,Mediocampista,Argentina,,,1990-05-11
Nicolás Rinaldi,N. Rinaldi|Nicolas Rinaldi,Gimnasia y Tiro,Mediocampista,Argentina,,,1993-08-23
Nikola Ivezic,N. Ivezic,Lommel SK,Arquero,Montenegro,,,2003-04-01
Nikola Jokic,,,Midfield - Defensive Midfield,Bosnia-Herzegovina,,no,2008-01-04
Nikola Jovicevic,N. Jovicevic,,Mediocampista Ofensivo,Serbia,,,2003-09-30
Nikola Vujnovic,N. Vujnovic,FK Mornar Bar,Delantero,Montenegro,,,1997-01-11
Nyk Sessock,N. Sessock,Las Vegas Lights FC,Lateral Derecho,Estados Unidos,,,2000-06-17
Pablo Expósito,,,Defender - Right-Back,Spain,,no,2000-05-18
Pablo Piatti,,,Midfield - Attacking Midfield,Argentina,,no,1989-03-31
Patrik Karlsson Lagemyr,,,Midfield - Attacking Midfield,Sweden,,no,1996-12-18
Pedro de la Vega,P. de la Vega|De la Vega,Seattle Sounders,Extremo Derecho,Argentina,,,2001-02-07
Pedro Delgado,P. Delgado,Shandong Taishan,Mediocampista Ofensivo,Portugal,,,1997-04-07
Pol Lirola,P. Lirola,Hellas Verona,Lateral Derecho,España,,,1997-08-13
Rafa Lopes,R. Lopes,Anorthosis Famagusta,Delantero,Portugal,,,1991-07-28
Rafael Mota,,,Defender - Centre-Back,Portugal,,no,2007-02-07
Ramón Lentini,,,Attack - Centre-Forward,Argentina,,no,1988-10-24
Rareș Fotin,,,Defender - Centre-Back,Romania,,no,2007-09-09
Raúl García-Alejo,Raul Garcia-Alejo|R. García-Alejo,UE Sant Andreu,Arquero,España,,,2003-01-02
Renat Dadashov,R. Dadashov,Motor Lublin,Delantero,Azerbaiyán,,,1999-05-17
Robert Muric,R. Muric,FK Bylis,Extremo Derecho,Croacia,,,1996-03-12
Robertino Giacomini,,,Attack - Centre-Forward,Argentina,,no,1997-03-17
Robin Quaison,,,Attack - Centre-Forward,Sweden,,no,1993-10-09
Rochinha,,FC Famalicão,Extremo Izquierdo,Portugal,,,1995-05-03
Rodrigo Garro,R. Garro,Corinthians,Mediocampista Ofensivo,Argentina,rodrigarroo,,1998-01-04
Ronaldo Martínez,R. Martínez|Ronaldo Martinez,Talleres,Delantero,Paraguay,,,1996-04-25
Ryduan Palermo Dutra,R. Palermo|Ryduan Palermo,Martina Calcio 1947,Delantero,Argentina,,,1996-07-24
Sam Lundholm,,,Attack - Right Winger,Sweden,,no,1994-07-01
Sandi Lovric,S. Lovric,Udinese,Mediocampista,Eslovenia,sandilovric,,1998-03-28
Santiago Hidalgo,S. Hidalgo,Toulouse,Delantero,Argentina,,,2005-02-17
Sergi Baldrich,S. Baldrich,UCAM Murcia CF,Delantero,España,,,2003-05-20
Sergio Ojeda,S. Ojeda,AA Estudiantes Río Cuarto,Defensor Central,Argentina,,,1992-01-04
Shinichi Chan,S. Chan,Shanghai Shenhua,Lateral Izquierdo,Hong Kong,,,2002-09-05
Simón Moreno,Simon Moreno|S. Moreno,Deportiva Minera,Delantero,España,,,1997-07-02
Stefan Silva,,,Attack - Centre-Forward,Sweden,,no,1990-03-11
Strahinja Rakic,S. Rakic,FC RFS,Mediocampista,Serbia,,,2006-02-18
Strahinja Ristovic,,,Defender - Centre-Back,Yugoslavia (Republic),,no,2000-09-30
Thiago Nuss,T. Nuss,OFI Crete,Extremo Izquierdo,Argentina,,,2001-02-02
Tincho Conde,T. Conde,CD Castellón,Lateral Izquierdo,España,,,2003-03-25
Tomás Jacob,T. Jacob|Tomas Jacob,Atlanta United,Defensor Central,Argentina,,,2004-04-20
Valentin Antov,V. Antov,AC Monza,Defensor Central,Bulgaria,,,2000-11-09
Vicente Longinotti,,,Defender - Centre-Back,Argentina,,no,2004-12-15
Viktor Damjanic,V. Damjanic,Oud-Heverlee Leuven,Defensor Central,Croacia,,,2005-11-03
Vukasin Jovanovic,V. Jovanovic,FK Jedinstvo Ub,Arquero,Serbia,,,2007-09-30
Wesley Dual,W. Dual,Beroe Stara Zagora,Mediocampista,España,,,2006-01-15
Yoel Lago,Y. Lago,Celta de Vigo,Defensor Central,España,,,2004-03-25
Zé Pedro,Ze Pedro,UD Leiria,Defensor Central,Portugal,,,2002-01-16
Álex Pastor,Alex Pastor|A. Pastor,Málaga CF,Defensor Central,España,,,1999-10-01
Ángel García,Angel Garcia|A. García,AEK Larnaca,Lateral Izquierdo,España,,,1993-02-03
